{"cameraMode":{"drawMode":0,"name":"Shaded","section":"Shading Mode"},"sceneLighting":true,"audioPlay":false,"sceneViewState":{"showFog":true,"showMaterialUpdate":true,"showSkybox":true,"showFlares":true,"showImageEffects":true,"showParticleSystems":true},"in2DMode":false,"pivot":{"x":-45.01837921142578,"y":-0.011062916368246079,"z":-52.1661376953125},"rotation":{"x":0.4639299809932709,"y":-0.18478915095329286,"z":0.0996115580201149,"w":0.8606424927711487},"size":48.758445739746097,"orthographic":false}