{"cameraMode":{"drawMode":0,"name":"Shaded","section":"Shading Mode"},"sceneLighting":true,"audioPlay":false,"sceneViewState":{"showFog":true,"showMaterialUpdate":true,"showSkybox":true,"showFlares":true,"showImageEffects":true,"showParticleSystems":true},"in2DMode":false,"pivot":{"x":5.132761001586914,"y":28.916706085205079,"z":-41.598365783691409},"rotation":{"x":0.01894376054406166,"y":0.9188936948776245,"z":-0.3916427493095398,"w":0.04440849646925926},"size":59.3751220703125,"orthographic":false}