{"cameraMode":{"drawMode":0,"name":"Shaded","section":"Shading Mode"},"sceneLighting":false,"audioPlay":false,"sceneViewState":{"showFog":true,"showMaterialUpdate":true,"showSkybox":false,"showFlares":true,"showImageEffects":true,"showParticleSystems":true},"in2DMode":false,"pivot":{"x":62.90858459472656,"y":-19.99405860900879,"z":-0.7866020202636719},"rotation":{"x":0.1571117788553238,"y":0.6789455413818359,"z":-0.15216892957687379,"w":0.7008782029151917},"size":46.429168701171878,"orthographic":false}