{"cameraMode":{"drawMode":0,"name":"Shaded","section":"Shading Mode"},"sceneLighting":true,"audioPlay":false,"sceneViewState":{"showFog":true,"showMaterialUpdate":true,"showSkybox":true,"showFlares":true,"showImageEffects":true,"showParticleSystems":true},"in2DMode":false,"pivot":{"x":-14.871923446655274,"y":-68.36506652832031,"z":-65.8642578125},"rotation":{"x":-0.034995369613170627,"y":0.8514588475227356,"z":-0.5201597213745117,"w":-0.0573151595890522},"size":126.73709106445313,"orthographic":false}