{"cameraMode":{"drawMode":0,"name":"Shaded","section":"Shading Mode"},"sceneLighting":true,"audioPlay":false,"sceneViewState":{"showFog":true,"showMaterialUpdate":false,"showSkybox":true,"showFlares":true,"showImageEffects":true,"showParticleSystems":true},"in2DMode":false,"pivot":{"x":-19.06885528564453,"y":-55.63446807861328,"z":22.91748809814453},"rotation":{"x":-0.42423757910728457,"y":0.3048100471496582,"z":-0.15418533980846406,"w":-0.8386796712875366},"size":68.36892700195313,"orthographic":false}