{"cameraMode":{"drawMode":0,"name":"Shaded","section":"Shading Mode"},"sceneLighting":true,"audioPlay":false,"sceneViewState":{"showFog":true,"showMaterialUpdate":true,"showSkybox":true,"showFlares":true,"showImageEffects":true,"showParticleSystems":true},"in2DMode":false,"pivot":{"x":-40.373207092285159,"y":-141.27328491210938,"z":-180.16375732421876},"rotation":{"x":-0.10842163860797882,"y":0.89156574010849,"z":-0.30777508020401,"w":-0.3140800893306732},"size":152.93112182617188,"orthographic":false}