{"cameraMode":{"drawMode":0,"name":"Shaded","section":"Shading Mode"},"sceneLighting":false,"audioPlay":false,"sceneViewState":{"showFog":true,"showMaterialUpdate":true,"showSkybox":false,"showFlares":true,"showImageEffects":true,"showParticleSystems":true},"in2DMode":false,"pivot":{"x":20.149999618530275,"y":9.670001983642579,"z":203.02499389648438},"rotation":{"x":0.3077835142612457,"y":0.5044924020767212,"z":-0.19857046008110047,"w":0.7818965911865234},"size":250.71200561523438,"orthographic":false}