{"cameraMode":{"drawMode":0,"name":"Shaded","section":"Shading Mode"},"sceneLighting":false,"audioPlay":false,"sceneViewState":{"showFog":true,"showMaterialUpdate":false,"showSkybox":false,"showFlares":true,"showImageEffects":true,"showParticleSystems":true},"in2DMode":false,"pivot":{"x":-21.96560287475586,"y":-17.616987228393556,"z":-0.6341146230697632},"rotation":{"x":-0.25220757722854617,"y":0.5793662667274475,"z":-0.19476954638957978,"w":-0.7502183318138123},"size":38.186431884765628,"orthographic":false}