{"cameraMode":{"drawMode":0,"name":"Shaded","section":"Shading Mode"},"sceneLighting":true,"audioPlay":false,"sceneViewState":{"showFog":true,"showMaterialUpdate":true,"showSkybox":true,"showFlares":true,"showImageEffects":true,"showParticleSystems":true},"in2DMode":false,"pivot":{"x":-9.343548774719239,"y":-283.3809814453125,"z":-185.10276794433595},"rotation":{"x":-0.019569657742977144,"y":0.8619733452796936,"z":-0.5055056810379028,"w":-0.03338029608130455},"size":219.80072021484376,"orthographic":false}