{"cameraMode":{"drawMode":0,"name":"Shaded","section":"Shading Mode"},"sceneLighting":true,"audioPlay":false,"sceneViewState":{"showFog":true,"showMaterialUpdate":true,"showSkybox":true,"showFlares":true,"showImageEffects":true,"showParticleSystems":true},"in2DMode":false,"pivot":{"x":-72.24259948730469,"y":17.539989471435548,"z":-92.56879425048828},"rotation":{"x":-0.11940596252679825,"y":0.8738090395927429,"z":-0.3864540159702301,"w":-0.270021915435791},"size":36.991024017333987,"orthographic":false}