{"cameraMode":{"drawMode":0,"name":"Shaded","section":"Shading Mode"},"sceneLighting":false,"audioPlay":false,"sceneViewState":{"showFog":true,"showMaterialUpdate":true,"showSkybox":false,"showFlares":true,"showImageEffects":true,"showParticleSystems":true},"in2DMode":false,"pivot":{"x":-31.45850372314453,"y":0.5349743366241455,"z":-42.86199951171875},"rotation":{"x":-0.09726675599813461,"y":0.9023114442825317,"z":-0.31148672103881838,"w":-0.28179576992988589},"size":7.598297119140625,"orthographic":false}