{"cameraMode":{"drawMode":0,"name":"Shaded","section":"Shading Mode"},"sceneLighting":true,"audioPlay":false,"sceneViewState":{"showFog":true,"showMaterialUpdate":true,"showSkybox":true,"showFlares":true,"showImageEffects":true,"showParticleSystems":true},"in2DMode":false,"pivot":{"x":-104.71371459960938,"y":-217.60763549804688,"z":-211.969482421875},"rotation":{"x":-0.11016353964805603,"y":0.889569878578186,"z":-0.3251197338104248,"w":-0.30142679810523989},"size":216.2650909423828,"orthographic":false}