{"cameraMode":{"drawMode":0,"name":"Shaded","section":"Shading Mode"},"sceneLighting":true,"audioPlay":false,"sceneViewState":{"showFog":true,"showMaterialUpdate":false,"showSkybox":true,"showFlares":true,"showImageEffects":true,"showParticleSystems":true},"in2DMode":false,"pivot":{"x":9.638470649719239,"y":3.759793758392334,"z":-10.181629180908204},"rotation":{"x":-0.2946549355983734,"y":0.2964438796043396,"z":-0.09669499844312668,"w":-0.9033187031745911},"size":28.579479217529298,"orthographic":false}