{"cameraMode":{"drawMode":0,"name":"Shaded","section":"Shading Mode"},"sceneLighting":false,"audioPlay":false,"sceneViewState":{"showFog":true,"showMaterialUpdate":true,"showSkybox":false,"showFlares":true,"showImageEffects":true,"showParticleSystems":true},"in2DMode":false,"pivot":{"x":5.777092933654785,"y":9.5,"z":-83.98086547851563},"rotation":{"x":-0.0055794077925384048,"y":0.938615083694458,"z":-0.34464091062545779,"w":-0.01521132793277502},"size":40.01874542236328,"orthographic":false}