{"cameraMode":{"drawMode":0,"name":"Shaded","section":"Shading Mode"},"sceneLighting":true,"audioPlay":false,"sceneViewState":{"showFog":true,"showMaterialUpdate":true,"showSkybox":true,"showFlares":true,"showImageEffects":true,"showParticleSystems":true},"in2DMode":false,"pivot":{"x":-71.77649688720703,"y":-7.0024847984313969,"z":-66.44255828857422},"rotation":{"x":-0.11940596252679825,"y":0.8738090395927429,"z":-0.3864540159702301,"w":-0.270021915435791},"size":49.874656677246097,"orthographic":false}