{"cameraMode":{"drawMode":0,"name":"Shaded","section":"Shading Mode"},"sceneLighting":true,"audioPlay":false,"sceneViewState":{"showFog":true,"showMaterialUpdate":false,"showSkybox":true,"showFlares":true,"showImageEffects":true,"showParticleSystems":true},"in2DMode":false,"pivot":{"x":9.638470649719239,"y":3.7597947120666506,"z":-10.18163013458252},"rotation":{"x":0.22973816096782685,"y":-0.04869912192225456,"z":0.05071815475821495,"w":0.9707093238830566},"size":22.766315460205079,"orthographic":false}