{"cameraMode":{"drawMode":0,"name":"Shaded","section":"Shading Mode"},"sceneLighting":true,"audioPlay":false,"sceneViewState":{"showFog":true,"showMaterialUpdate":true,"showSkybox":true,"showFlares":true,"showImageEffects":true,"showParticleSystems":true},"in2DMode":false,"pivot":{"x":32.40011215209961,"y":-7.217568397521973,"z":-131.10279846191407},"rotation":{"x":-0.11940596252679825,"y":0.8738090395927429,"z":-0.3864540159702301,"w":-0.270021915435791},"size":125.3116226196289,"orthographic":false}