{"cameraMode":{"drawMode":0,"name":"Shaded","section":"Shading Mode"},"sceneLighting":true,"audioPlay":false,"sceneViewState":{"showFog":true,"showMaterialUpdate":true,"showSkybox":true,"showFlares":true,"showImageEffects":true,"showParticleSystems":true},"in2DMode":false,"pivot":{"x":-4.4022369384765629,"y":-60.761688232421878,"z":27.365596771240236},"rotation":{"x":0.4136175811290741,"y":-0.06274306774139404,"z":0.028581775724887849,"w":0.9078527688980103},"size":108.60740661621094,"orthographic":false}