{"cameraMode":{"drawMode":0,"name":"Shaded","section":"Shading Mode"},"sceneLighting":false,"audioPlay":false,"sceneViewState":{"showFog":true,"showMaterialUpdate":true,"showSkybox":false,"showFlares":true,"showImageEffects":true,"showParticleSystems":true},"in2DMode":false,"pivot":{"x":0.0,"y":11.400007247924805,"z":4.376995086669922},"rotation":{"x":-0.034995369613170627,"y":0.8514588475227356,"z":-0.5201597213745117,"w":-0.0573151595890522},"size":119.05223846435547,"orthographic":false}