{"cameraMode":{"drawMode":0,"name":"Shaded","section":"Shading Mode"},"sceneLighting":true,"audioPlay":false,"sceneViewState":{"showFog":true,"showMaterialUpdate":true,"showSkybox":true,"showFlares":true,"showImageEffects":true,"showParticleSystems":true},"in2DMode":false,"pivot":{"x":8.804832458496094,"y":5.8593597412109379,"z":-47.498313903808597},"rotation":{"x":0.2574731707572937,"y":0.0014525842852890492,"z":-0.0003718544321600348,"w":0.9663197994232178},"size":109.50101470947266,"orthographic":false}