{"cameraMode":{"drawMode":0,"name":"Shaded","section":"Shading Mode"},"sceneLighting":false,"audioPlay":false,"sceneViewState":{"showFog":true,"showMaterialUpdate":true,"showSkybox":false,"showFlares":true,"showImageEffects":true,"showParticleSystems":true},"in2DMode":false,"pivot":{"x":-32.402591705322269,"y":3.7199997901916506,"z":-42.168792724609378},"rotation":{"x":-0.034995369613170627,"y":0.8514588475227356,"z":-0.5201597213745117,"w":-0.0573151595890522},"size":4.857986927032471,"orthographic":false}