{"cameraMode":{"drawMode":0,"name":"Shaded","section":"Shading Mode"},"sceneLighting":true,"audioPlay":false,"sceneViewState":{"showFog":true,"showMaterialUpdate":true,"showSkybox":true,"showFlares":true,"showImageEffects":true,"showParticleSystems":true},"in2DMode":false,"pivot":{"x":64.34584045410156,"y":17.970199584960939,"z":-10.18686294555664},"rotation":{"x":-0.001390510005876422,"y":0.9693248867988586,"z":-0.24585522711277009,"w":-0.005531121976673603},"size":20.079120635986329,"orthographic":false}