{"cameraMode":{"drawMode":0,"name":"Shaded","section":"Shading Mode"},"sceneLighting":true,"audioPlay":false,"sceneViewState":{"showFog":true,"showMaterialUpdate":true,"showSkybox":true,"showFlares":true,"showImageEffects":true,"showParticleSystems":true},"in2DMode":false,"pivot":{"x":-103.90382385253906,"y":-258.2070007324219,"z":-194.7336883544922},"rotation":{"x":-0.09500771015882492,"y":0.8581873774528503,"z":-0.47430333495140078,"w":-0.17191438376903535},"size":232.03155517578126,"orthographic":false}