{"cameraMode":{"drawMode":0,"name":"Shaded","section":"Shading Mode"},"sceneLighting":true,"audioPlay":false,"sceneViewState":{"showFog":true,"showMaterialUpdate":true,"showSkybox":true,"showFlares":true,"showImageEffects":true,"showParticleSystems":true},"in2DMode":false,"pivot":{"x":11.488656044006348,"y":-43.72757339477539,"z":-62.73640441894531},"rotation":{"x":0.007593340240418911,"y":0.8685388565063477,"z":-0.4954456686973572,"w":0.013279094360768795},"size":106.36829376220703,"orthographic":false}