{"cameraMode":{"drawMode":0,"name":"Shaded","section":"Shading Mode"},"sceneLighting":true,"audioPlay":false,"sceneViewState":{"showFog":true,"showMaterialUpdate":true,"showSkybox":true,"showFlares":true,"showImageEffects":true,"showParticleSystems":true},"in2DMode":false,"pivot":{"x":34.54285430908203,"y":-46.34922790527344,"z":-37.49174118041992},"rotation":{"x":0.038558781147003177,"y":0.8563867211341858,"z":-0.5108968615531921,"w":0.06459551304578781},"size":93.76685333251953,"orthographic":false}