{"cameraMode":{"drawMode":0,"name":"Shaded","section":"Shading Mode"},"sceneLighting":true,"audioPlay":false,"sceneViewState":{"showFog":true,"showMaterialUpdate":true,"showSkybox":true,"showFlares":true,"showImageEffects":true,"showParticleSystems":true},"in2DMode":false,"pivot":{"x":18.41368865966797,"y":-26.286052703857423,"z":-91.668212890625},"rotation":{"x":-0.008103919215500355,"y":0.9197668433189392,"z":-0.39201611280441286,"w":-0.019050350412726404},"size":121.46981048583985,"orthographic":false}