{"cameraMode":{"drawMode":0,"name":"Shaded","section":"Shading Mode"},"sceneLighting":true,"audioPlay":false,"sceneViewState":{"showFog":true,"showMaterialUpdate":true,"showSkybox":true,"showFlares":true,"showImageEffects":true,"showParticleSystems":true},"in2DMode":false,"pivot":{"x":-39.889007568359378,"y":-38.46199035644531,"z":-54.382999420166019},"rotation":{"x":-0.030216282233595849,"y":0.8742525577545166,"z":-0.48147153854370119,"w":-0.05489732325077057},"size":68.31348419189453,"orthographic":false}