{"cameraMode":{"drawMode":0,"name":"Shaded","section":"Shading Mode"},"sceneLighting":true,"audioPlay":false,"sceneViewState":{"showFog":true,"showMaterialUpdate":true,"showSkybox":true,"showFlares":true,"showImageEffects":true,"showParticleSystems":true},"in2DMode":false,"pivot":{"x":-14.592002868652344,"y":8.060544967651368,"z":-12.745004653930664},"rotation":{"x":-0.008103919215500355,"y":0.9197668433189392,"z":-0.39201611280441286,"w":-0.019050350412726404},"size":75.28703308105469,"orthographic":false}